﻿<!-- 
	必须用utf-8保存此文件 
	keyboard: 键盘
	key: 某一个具体的按键
	keycode: 键控代码值
	char: 字符
	action: 要执行的动作
	注意：keycode 和 char 只能填写其中的一个，如果两个都填写，则char优先
	      应该避免按键冲突，如同一个按键执行不同的动作
	      不支持组合按键，也不支持长按键
-->
<keyboard>

	<key keycode="32" char="" action="playpause" /> <!--空格-->
	<key keycode="37" char="" action="" /> <!--左箭头-->
	<key keycode="38" char="" action="" /> <!--上箭头-->
	<key keycode="39" char="" action="" /> <!--右箭头-->
	<key keycode="40" char="" action="" /> <!--下箭头-->
	<key keycode="" char="+" action="next" /> <!--加号-->
	<key keycode="" char="-" action="prev" /> <!--减号-->
	<key keycode="" char="=" action="next" /> <!--等于号-->
	<key keycode="83" char="" action="stop" /> <!--大小写s-->
	<key keycode="" char="" action="" /> <!--空格-->
	<key keycode="" char="" action="" /> <!--空格-->
	<key keycode="" char="" action="" /> <!--空格-->
	<key keycode="" char="" action="" /> <!--空格-->
	<key keycode="" char="1" action="playlist,0" /> <!--1-->
	<key keycode="" char="2" action="playlist,1" /> <!--2-->
	<key keycode="" char="3" action="playlist,2" /> <!--3-->
	<key keycode="" char="4" action="playlist,3" /> <!--4-->
	<key keycode="" char="5" action="playlist,4" /> <!--5-->
	<key keycode="" char="6" action="playlist,5" /> <!--6-->
	<key keycode="" char="7" action="playlist,6" /> <!--7-->
	<key keycode="" char="8" action="playlist,7" /> <!--8-->
	<key keycode="" char="9" action="playlist,8" /> <!--9-->


</keyboard>