﻿<swf version="1.0" name="迅雷看看之灰色手札" url="www.snbase.cn" width="672" height="385" author="SNplayer" email="sx_wyh@21cn.com">
	<win id="fm" width="490" height="377" align="0" valign="0" drag="true">
		<win id="display" left="5" top="60" width="480" height="270">
			<video id="videofm" left="0" top="0" width="100%" height="100%" />
			<plugin id="eq" width="480" height="270" align="0" valign="0" displayMode="{$SNplayer.fileinfo.type},mp3" src="灰色手札/音频可视效果/equalizer.swf" />
			<lrc id="lrc" left="10" bottom="5" width="100%" height="19" mode="2" />
		</win>
		<win id="main" width="490" height="377" background="0">
			<img left="0" src="灰色手札/主框架/MF_LeftTop.png" />
			<img left="10" width="470" src="灰色手札/主框架/MF_Top.png" />
			<img right="0" src="灰色手札/主框架/MF_RightTop.png" />
			
			<img left="0" top="60" height="287" src="灰色手札/主框架/MF_Left.png" />
			<img left="3" top="60" height= "287" src="灰色手札/主框架/MF_Bk.png" />
			<img right="0" top="60" height="287" src="灰色手札/主框架/MF_Right.png" />
			<img right="3" top="60" height="287" src="灰色手札/主框架/MF_Bk.png" />
			

			<win id="console" width="490" height="90" left="0" bottom="0" background="0" visible="true">
				<img left="0" bottom="0" src="灰色手札/主框架/MF_LeftBottom.png" />
				<img id="conbottom" left="9" bottom="0" width="476" src="灰色手札/主框架/MF_Bottom.png" />
				<img right="0" bottom="0" src="灰色手札/主框架/MF_RightBottom.png" />
						
				<timeslide id="progress" left="8" bottom="38" width="474" track="灰色手札/进度条/SeekTrack.png" down="灰色手札/进度条/SeekDown.png" icon="灰色手札/进度条/SeekBar.png" />

				<text left="15" bottom="10" value="{$SNplayer.playback.Msg}" displayMode="{$SNplayer.playback.State},Initializtion|Ready|Loading|Buffering|Pause|Stop|PlayEnd|NoMusicList" textColor="0x5a5a5a" autoSize="left" letterSpacing="1" />
				<text left="15" bottom="10" value="{$SNplayer.playback.TimeStr}" displayMode="{$SNplayer.playback.State},Playing" textColor="0x5a5a5a" autoSize="left" letterSpacing="1" />

				<win align="0" bottom="0" width="200" height="38" background="0">
					<button x="0" valign="0" src="灰色手札/播放/StopButton.png" action="stop" label="value:停止" />
					<button x="27" valign="0" src="灰色手札/播放/PrevButton.png" action="prev" label="value:上一曲" />
					<button x="55" valign="0" src="灰色手札/播放/PauseButton.png" action="pause" hidden="true" label="value:暂停" />
					<button x="55" valign="0" src="灰色手札/播放/PlayButton.png" action="play" hidden="true" label="value:播放" />
					<button x="100" valign="0" src="灰色手札/播放/NextButton.png" action="next" label="value:下一曲" />
					<button x="127" valign="0" src="灰色手札/播放/SilentButton.png" action="unmute" hidden="true" label="value:取消静音" />
					<button x="127" valign="0" src="灰色手札/播放/SoundButton.png" action="mute" hidden="true" label="value:静音" />
					<volslide x="154" valign="0" width="70" track="灰色手札/播放/SoundTrack.png" icon="灰色手札/播放/SoundBar.png" />
				</win>

				<button right="75" bottom="11" src="灰色手札/播放/SnapshotImg.png" action="" label="value:保存截图" />	
				<button id="ChangeSkinbtn" right="55" bottom="11" src="灰色手札/播放/ChangeSkin.png" action="motion,skincolor,type:tween;prop:alpha;begin:0;finish:1;duration:0.7" label="value:皮肤调色板" />
				<button right="35" bottom="11" src="灰色手札/播放/ScreenButton.png" action="normalscreen" hidden="true" label="value:窗口播放" />
				<button right="35" bottom="11" src="灰色手札/播放/ScreenButton.png" action="fullscreen" hidden="true" label="value:全屏播放" />
				<button id="HidePlaylistbtn" right="15" bottom="11" src="灰色手札/播放/HidePlaylist.png" hidden="true" disable="true" events="click,HidePlaylist" label="value:关闭播放列表" />
				<button id="ShowPlaylistbtn" right="15" bottom="11" src="灰色手札/播放/ShowPlaylist.png" hidden="true" events="click,ShowPlaylist" label="value:打开播放列表" />		
			</win>

			<img left="5" top="3" src="灰色手札/其他/tray.png" />
			<text left="23" top="1" value="迅雷看看播放器" textColor="0xffffff" bold="true" />
			<text left="120" top="1" width="235" height="20" value="{$SNplayer.fileinfo.title}" textColor="0xcfcfcf" textAlign="center" letterSpacing="1" />

			<button right="78" top="2" src="灰色手札/按钮/MenuButton.png" action="" label="value:菜单" />
			<button right="54" top="2" src="灰色手札/按钮/MinButton.png" action="" label="value:最小化" />
			<button right="32" top="2" src="灰色手札/按钮/MaxButton.png" action="" label="value:最大化" />
			<button right="8" top="2" src="灰色手札/按钮/CloseButton.png" action="" label="value:关闭" />

			<button left="5" top="27" src="灰色手札/播放/Play.png" action="geturl,http://www.snbase.cn" label="value:打开我的网站" />
			<button left="69" top="27" src="灰色手札/播放/Classical.png" action="geturl,http://www.snbase.cn" label="value:打开我的网站" />
			<button left="134" top="27" src="灰色手札/播放/Theater.png" action="geturl,http://www.snbase.cn" label="value:打开我的网站" />
			
			<div id="listsmsk" width="150" height="2791" top="60" right="-145" background="1" visible="false" />
			<win id="lists" msk="listsmsk" width="150" height="279" top="60" right="5" visible="false">
				<img left="0" top="0" height="279" src="灰色手札/主框架/MF_Bk.png" />
				<list width="148" height="279" top="0" right="0" listbackImage="灰色手札/列表/列表背景.png" track="灰色手札/列表/track.png" down="灰色手札/列表/down.png" icon="灰色手札/列表/thumb.png" up="灰色手札/列表/up.png"/>
			</win>
		
			<win id="skincolor" width="250" height="200" align="0" valign="0" visible="false" background="0" drag="true">
				<win left="3" top="25" width="244" height="170" background="1" backgroundColor="0xe7e7e7" />
				<img left="0" src="灰色手札/设置/lefttop.png" />
				<img left="10" width="206" src="灰色手札/设置/top.png" />
				<img right="0" src="灰色手札/设置/righttop.png" />
				<img left="0" top="25" height="166" src="灰色手札/设置/left.png" />
				<img right="0" top="25" height="166" src="灰色手札/设置/right.png" />
				<img left="0" bottom="0" src="灰色手札/设置/leftbottom.png" />
				<img left="9" bottom="0" width="232" src="灰色手札/设置/bottom.png" />
				<img right="0" bottom="0" src="灰色手札/设置/rightbottom.png" />
				<text left="5" top="1" value="皮肤调色板" textColor="0xffffff" bold="true" />
				<button right="8" top="2" src="灰色手札/按钮/CloseButton.png" action="motion,skincolor,type:tween;prop:alpha;begin:1;finish:0;duration:0.7" label="value:关闭" />
				<text left="10" top="40" value="色     相" autoSize="left" />
				<slide left="55" top="41" obj="main" prop="hue" begin="-180" finisheight="180" value="0" track="灰色手札/调色板/色调背景.png" icon="灰色手札/调色板/icon.png" />
				<text left="10" top="60" value="亮     度" autoSize="left" />
				<slide left="55" top="61" obj="main" prop="brightness" begin="-100" finisheight="100" value="0" track="灰色手札/调色板/色调背景.png" icon="灰色手札/调色板/icon.png" />
				<text left="10" top="80" value="对比度" autoSize="left" />
				<slide left="55" top="81" obj="main" prop="contrast" begin="-100" finisheight="100" value="0" track="灰色手札/调色板/色调背景.png" icon="灰色手札/调色板/icon.png" />
				<text left="10" top="100" value="饱和度" autoSize="left" />
				<slide left="55" top="101" obj="main" prop="saturation" begin="-100" finisheight="100" value="0" track="灰色手札/调色板/色调背景.png" icon="灰色手札/调色板/icon.png" />
				<text left="10" top="120" value="红     色" autoSize="left" />
				<slide left="55" top="121" obj="main" prop="R" begin="-100" finisheight="100" value="0" track="灰色手札/调色板/色调背景.png" icon="灰色手札/调色板/icon.png" />
				<text left="10" top="140" value="绿     色" autoSize="left" />
				<slide left="55" top="141" obj="main" prop="G" begin="-100" finisheight="100" value="0" track="灰色手札/调色板/色调背景.png" icon="灰色手札/调色板/icon.png" />
				<text left="10" top="160" value="蓝     色" autoSize="left" />
				<slide left="55" top="161" obj="main" prop="B" begin="-100" finisheight="100" value="0" track="灰色手札/调色板/色调背景.png" icon="灰色手札/调色板/icon.png" />
			</win>
			<win id="bronktrip" width="250" height="200" align="0" valign="0" displayMode="{$SNplayer.playback.NormalPlay},false" visible="false" background="0" drag="true">
				<win left="3" top="25" width="244" height="170" background="1" backgroundColor="0xdef0ff" />
				<img left="0" src="灰色手札/设置/lefttop.png" />
				<img left="10" width="206" src="灰色手札/设置/top.png" />
				<img right="0" src="灰色手札/设置/righttop.png" />
				<img left="0" top="25" height="166" src="灰色手札/设置/left.png" />
				<img right="0" top="25" height="166" src="灰色手札/设置/right.png" />
				<img left="0" bottom="0" src="灰色手札/设置/leftbottom.png" />
				<img left="9" bottom="0" width="232" src="灰色手札/设置/bottom.png" />
				<img right="0" bottom="0" src="灰色手札/设置/rightbottom.png" />
				<text left="5" top="1" value="断点续播提示" textColor="0xffffff" bold="true" />
				<button right="8" top="2" src="灰色手札/按钮/CloseButton.png" action="motion,bronktrip,type:blinds;direction:1;duration:0.7" label="value:关闭" />
				<text left="50" top="30" value="播放头已跳至上次结束的位置" autoSize="left" />
				<text left="10" top="60" value="点【确定】继续播放" autoSize="left" />
				<text left="10" top="80" value="点【取消】从头播放" autoSize="left" />
				<button left="38" top="150" src="灰色手札/按钮/确定.png" action="set,bronktrip,visible,false" label="value:继续播放" />
				<button right="30" top="150" src="灰色手札/按钮/取消.png" events="click,bronkcansol" label="value:从头播放" />
			</win>
		</win>
		
	</win>
	<!--右键菜单-->
	<menu target="body">
	</menu>
	<!--响应事件-->
	<event id="fullScreen">
		<action>move,display,fm,body</action>
		<action>set,display,left,0</action>
		<action>set,display,top,0</action>
		<action>set,display,monitorWidth,monitorHeight</action>
		
		<action>move,console,main,body</action>
		<action>set,console,width,monitorWidth</action>
		<action>set,progress,width,monitorWidth-6</action>
		<action>set,progress,left,3</action>
		<action>set,progress,bottom,38</action>
		<action>set,conbottom,width,monitorWidth-22</action>
		<action>set,console,displayMode,float</action>

		<action>set,HidePlaylistbtn,disable,true</action>
		<action>set,ShowPlaylistbtn,disable,true</action>
		<action>set,ChangeSkinbtn,disable,true</action>

		<action>move,bronktrip,main,body</action>
	</event>
	<event id="normalScreen">
		<action>move,display,body,fm</action>
		<action>set,display,left,5</action>
		<action>set,display,top,60</action>
		<action>set,display,480,270</action>
		
		<action>tobottom,fm,display</action>
		
		<action>move,console,body,main</action>
		<action>set,console,width,490</action>
		<action>set,progress,width,474</action>
		<action>set,progress,left,8</action>
		<action>set,progress,bottom,38</action>
		<action>set,conbottom,width,476</action>
		<action>set,console,displayMode,normal</action>

		<action>set,HidePlaylistbtn,disable,true</action>
		<action>set,ShowPlaylistbtn,disable,false</action>
		<action>set,ChangeSkinbtn,disable,false</action>

		<action>move,bronktrip,body,main</action>
	</event>
	<event id="resizeScreen">
	</event>
	<event id="HidePlaylist">
		<action>set,display,width,480</action>
		<action>set,eq,width,480</action>
		<action>set,progress,width,474</action>
		<action>motion,listsmsk,type:tween;prop:right;begin:5;finish:-145;duration:0.3</action>
		<action>set,HidePlaylistbtn,disable,true</action>
		<action>set,ShowPlaylistbtn,disable,false</action>
	</event>
	<event id="ShowPlaylist">
		<action>set,display,width,330</action>
		<action>set,eq,width,330</action>
		<action>set,progress,width,324</action>
		<action>set,lists,visible,true</action>
		<action>motion,listsmsk,type:tween;prop:right;begin:-145;finish:5;duration:0.3</action>
		<action>set,ShowPlaylistbtn,disable,true</action>
		<action>set,HidePlaylistbtn,disable,false</action>
	</event>
	<event id="bronkcansol">
		<action>set,bronktrip,visible,false</action>
		<action>seek,0</action>
	</event>
</swf>