﻿<swf version="1.0" name="yaku" url="www.yaku.tv" author="SNplayer" email="eflys@21cn.com">

	<!-- 视频显示区 -->
	<win id="videofm" left="0" top="0" width="{swf.width}" height="{swf.height}-30" mouseActive="function,dispBar" mouseIdle="function,hiddenBar">
		<video id="videobody" align="0" valign="0" width="100%" height="100%" />
		<img id="logo" right="5" top="5" src="其他/logo.png" />
		<text left="5" top="5" width="150" height="20" value="下载：{playback.downrate} bit/s" font="宋体" textColor="0xffffff" textAlign="left" />
		<plugin align="5" valign="0" width="95%" height="{swf.height}-30" src="其他/equalizer.swf" displayMode="{currentMedia.type},mp3" />
		<lrc id="lrc" align="0" bottom="5" width="100%" height="19" mode="2" />
		<flash left="10" bottom="10" src="其他/play.swf" click="play" displayMode="{playback.State},ready|pause|stop|playEnd" label="value:播放" />
		<flash left="10" bottom="10" src="其他/buffer.swf" displayMode="{playback.State},initializtion|loading|buffering" />
		<flash left="10" bottom="10" src="其他/error.swf" displayMode="{playback.State},noMedia" />
		<text left="55" bottom="20" value="{playback.Msg}" displayMode="{playback.State},initializtion|ready|loading|buffering|pause|stop|playEnd|noMedia" textColor="0x91c3ed" autoSize="left" letterSpacing="1" />
		<text left="140" bottom="20" value="{playback.bufferPercent}%" font="宋体" textColor="0x91c3ed" autoSize="left" displayMode="{playback.State},buffering" letterSpacing="1" />
	</win>

	<!-- 广告倒计时 -->
	<div right="10" top="6" width="110" height="18" backgroundColor="0xcccccc" backgroundAlpha="1" displayMode="{iasystem.type},prepos|pripos|propos">
		<text align="0" valign="0" value=" 广告还剩余 {iasystem.positionRemain} 秒 " textColor="0xffffff" autoSize="left" letterSpacing="1" />
	</div>

	<!-- 控制栏 -->
	<win id="console" align="0" bottom="0" width="{swf.width}" height="30" backgroundColor="0x000000" backgroundAlpha="1" alpha="1" mouseActive="motion,mainProgress,0.5,vAlpha:1" mouseIdle="motion,mainProgress,0.5,vAlpha:0">
		
		<img left="0" bottom="0" width="{swf.width}" height="30" src="控制栏/back.png" />

		<timeslide left="0" bottom="30" width="{swf.width}" track="控制栏/minitrace.png" icon="控制栏/miniicon.png" down="控制栏/minidown.png" />
		<!-- 悬浮进度条 -->
		<div id="mainProgress" left="0" bottom="30" width="{swf.width}" height="12" vAlpha="0" backgroundColor="0x000000" backgroundAlpha="1" mouseOver="method,console,stopMouseActiveTimer" mouseOut="method,console,startMouseActiveTimer">
		 	<button left="0" top="0" src="控制栏/fwd.png" click="fastrewind,controls,position,5000" label="value:后退5秒" />
	 		<timeslide left="14" top="0" width="{swf.width}-28" track="控制栏/trace.png" icon="控制栏/icon.png" down="控制栏/down.png" />
	 		<button right="0" top="0" src="控制栏/ff.png" click="fastforward,controls,position,5000" label="value:前进5秒" />
		</div>	
	
		<button left="0" bottom="0" width="45" height="29" src="控制栏/pause.png" click="pause" hidden="true" label="value:暂停" />
		<button left="0" bottom="0" width="45" height="29" src="控制栏/play.png" click="play" hidden="true" label="value:播放" />
		
		<text left="50" valign="0" autoSize="left" textColor="0xffffff" value="{playback.TimeStr}" />

		<button id="HidePlaylistButton" right="142" bottom="0" width="37" height="29" src="控制栏/unlist.png" click="function,HidePlaylist" visible="false" label="value:关闭列表" />
		<button id="ShowPlaylistButton" right="142" bottom="0" width="37" height="29" src="控制栏/list.png" click="function,ShowPlaylist" label="value:打开列表" />

		<button right="105" bottom="0" width="34" height="29" src="控制栏/save.png" click="method,videobody,saveImages" label="value:截图" />

		<button right="68" bottom="0" width="37" height="29" src="控制栏/mute.png" click="unmute" hidden="true" mouseOver="set,volbar,visible,true" mouseOut="set,volbar,visible,false" label="value:取消静音" />
		<button right="68" bottom="0" width="37" height="29" src="控制栏/unmute.png" click="mute" hidden="true" mouseOver="set,volbar,visible,true" mouseOut="set,volbar,visible,false" label="value:静音" />
		<div id="volbar" right="66" bottom="29" width="40" height="129" mouseOver="set,volbar,visible,true" mouseOut="set,volbar,visible,false" visible="false">
			<img left="0" top="0" src="控制栏/volback.png" />
			<button left="16" top="8" src="控制栏/volup.png" click="fastforward,controls,volume,5" label="value:音量+5" />
			<volslide x="12" y="105" width="80" height="16" rotation="-90" track="控制栏/voltrace.png" icon="控制栏/volicon.png" />
			<button left="16" top="113" src="控制栏/voldown.png" click="fastrewind,controls,volume,5" label="value:音量-5" />
		</div>

		<button right="35" bottom="0" width="33" height="29" src="控制栏/set.png" click="motion,systemPanel,0.7,vAlpha:1" label="value:设置" />

		<button right="0" bottom="0" width="35" height="29" src="控制栏/normal.png" click="normalscreen" hidden="true" label="value:退出全屏" />
		<button right="0" bottom="0" width="35" height="29" src="控制栏/full.png" click="fullscreen" hidden="true" label="value:全屏播放" />
	</win>

	<!-- 顶栏 -->
	<win id="topbar" left="0" top="-35" width="{swf.width}" height="35" backgroundColor="0x000000" backgroundAlpha="0.7" mouseOver="method,videofm,stopMouseActiveTimer" mouseOut="method,videofm,startMouseActiveTimer" >
		<text left="5" valign="1" value="标题：{currentMedia.title}" textColor="0xffffff" autoSize="left" />
		
		<win right="90" valign="0" width="181" height="100%" backgroundAlpha="0">
			<img id="top_50_upImages" left="0" valign="0" visible="true" src="图片/top_50_up.png" buttonMode="true" label="value:50%大小" click="function,to_50" />
			<img id="top_50_downImages" left="0" valign="0" visible="false" src="图片/top_50_down.png" buttonMode="true" label="value:50%大小" click="" />
			<img id="top_75_upImages" left="20" valign="0" visible="true" src="图片/top_75_up.png" buttonMode="true" label="value:75%大小" click="function,to_75" />
			<img id="top_75_downImages" left="20" valign="0" visible="false" src="图片/top_75_down.png" buttonMode="true" label="value:75%大小" click="" />
			<img id="top_100_upImages" left="40" valign="0" visible="false" src="图片/top_100_up.png" buttonMode="true" label="value:100%大小" click="function,to_100" />
			<img id="top_100_downImages" left="40" valign="0" visible="true" src="图片/top_100_down.png" buttonMode="true" label="value:100%大小" click="" />

			<img id="fullScreenImages" left="70" valign="0" visible="false" src="图片/fullScreen.png" buttonMode="true" label="value:切换到等比例显示" click="function,touniformlScreen" />
			<img id="uniformlImages" left="70" valign="0" src="图片/uniformlScreen.png" buttonMode="true" label="value:切换到满屏显示" click="function,toFullScreen" />

			<img id="unhorizintalOverturnImages" left="100" valign="0" src="图片/unhorizintalOverturn.png" buttonMode="true" label="value:水平翻转(镜像显示)" click="function,horizintalOverturn" />
			<img id="horizintalOverturnImages" left="100" valign="0" visible="false" src="图片/horizintalOverturn.png" buttonMode="true" label="value:取消水平翻转" click="function,unhorizintalOverturn" />
			<img id="unverticalOverturnImages" left="126" valign="0" src="图片/unverticalOverturn.png" buttonMode="true" label="value:垂直翻转" click="function,verticalOverturn" />
			<img id="verticalOverturnImages" left="126" valign="0" visible="false" src="图片/verticalOverturn.png" buttonMode="true" label="value:取消垂直翻转" click="function,unverticalOverturn" />
	
			<button id="widdershinsImages" left="149" valign="0" src="图片/widdershins.png" buttonMode="true" label="value:逆时针旋转" click="fastrewind,videobody,rotation,90" />
			<button id="deasil.pngImages" left="166" valign="0" src="图片/deasil.png" buttonMode="true" label="value:顺时针旋转" click="fastforward,videobody,rotation,90" />
		</win>
		<text right="5" valign="1" value="{system.hour}:{system.minutes}:{system.seconds}" textColor="0xffffff" font="宋体" autoSize="left" letterSpacing="1" />
	</win>

	<!-- 侧边栏 -->
	<win id="sidebar" right="-62" valign="0" width="62" height="222" backgroundColor="0x000000" backgroundAlpha="0.7" border="true" borderAlpha="0.6" mouseOver="method,videofm,stopMouseActiveTimer" mouseOut="method,videofm,startMouseActiveTimer" >
		<button id="screenWideButton" left="1" top="1" src="图片/sidebar_screen_wide.png" click="function,screenWide" />
		<button id="screenNormalButton" left="1" top="1" src="图片/sidebar_screen_normal.png" visible="false" click="function,screenNormal" />
		<button id="lightOffButton" left="1" top="56" src="图片/sidebar_light_turnoff.png" click="function,lightOff" />
		<button id="lightOnButton" left="1" top="56" src="图片/sidebar_light_turnon.png" visible="false" click="function,lightOn" />
		<button id="qualityButton" left="1" top="111" src="图片/sidebar_quality.png" click="motion,systemPanel,0.7,vAlpha:1" />
		<button id="shareButton" left="1" top="166" src="图片/sidebar_share.png" click="motion,sharePanel,0.7,vAlpha:1" />
	</win>
    <!-- 播放列表 -->

	<!-- 设置面板 -->
	<win id="systemPanel" align="0" valign="0" width="350" height="180" vAlpha="0" drag="false" mouseEnabled="true" backgroundColor="0x000000" backgroundAlpha="0.7" border="true" borderAlpha="0.6" >
		<text left="10" top="10" width="100" height="20" value="设置" textColor="0xffffff" textAlign="left" />
		<button right="10" top="10" src="图片/close.png" click="motion,systemPanel,0.7,vAlpha:0" />
		
		<win left="10" top="40" width="340" height="20" backgroundAlpha="0">
			<text left="0" valign="0" width="50" height="20" value="对比度:" textColor="0xffffff" textAlign="left" />
			<text left="40" valign="0" width="30" height="20" value="{videobody.contrast}" textColor="0xffffff" textAlign="center" />
			<button left="70" valign="0" src="图片/qua_jian.png" click="fastrewind,videobody,contrast,10" />
			<slider left="90" valign="0" width="210" value="{videobody.contrast}" begin="-100" finish="100" target="videobody.contrast" track="图片/qua_track.png" icon="图片/qua_icon.png" />
			<button right="20" valign="0" src="图片/qua_jia.png" click="fastforward,videobody,contrast,10" />
		</win>
		<win left="10" top="70" width="340" height="20" backgroundAlpha="0">
			<text left="0" valign="0" width="50" height="20" value="亮  度:" textColor="0xffffff" textAlign="left" />
			<text left="40" valign="0" width="30" height="20" value="{videobody.brightness}" textColor="0xffffff" textAlign="center" />
			<button left="70" valign="0" src="图片/qua_jian.png" click="fastrewind,videobody,brightness,10" />
			<slider left="90" valign="0" width="210" value="{videobody.brightness}" begin="-100" finish="100" target="videobody.brightness" track="图片/qua_track.png" icon="图片/qua_icon.png" />
			<button right="20" valign="0" src="图片/qua_jia.png" click="fastforward,videobody,brightness,10" />
		</win>
		<win left="10" top="100" width="340" height="20" backgroundAlpha="0">
			<text left="0" valign="0" width="50" height="20" value="饱和度:" textColor="0xffffff" textAlign="left" />
			<text left="40" valign="0" width="30" height="20" value="{videobody.saturation}" textColor="0xffffff" textAlign="center" />
			<button left="70" valign="0" src="图片/qua_jian.png" click="fastrewind,videobody,saturation,10" />
			<slider left="90" valign="0" width="210" value="{videobody.saturation}" begin="-100" finish="100" target="videobody.saturation" track="图片/qua_track.png" icon="图片/qua_icon.png" />
			<button right="20" valign="0" src="图片/qua_jia.png" click="fastforward,videobody,saturation,10" />
		</win>
		<win align="0" top="135" width="267" height="20" backgroundAlpha="0">
			<img left="0" valign="0"  src="图片/radio.png" buttonMode="true" label="value:切换到标准影片" click="level,1" />
			<img left="0" valign="0"  src="图片/radioselect.png" displayMode="{playback.currentLevel},1" label="value:正在播放标准影片" />
			<text left="17" valign="0" width="50" height="15" value="标准" textColor="0xffffff" textAlign="left" />

			<img left="100" valign="0"  src="图片/radio.png" buttonMode="true" label="value:切换到高清影片" click="level,2" />
			<img left="100" valign="0"  src="图片/radioselect.png" displayMode="{playback.currentLevel},2" label="value:正在播放高清影片" />
			<text left="117" valign="0" width="50" height="15" value="高清" textColor="0xffffff" textAlign="left" />

			<img left="200" valign="0"  src="图片/radio.png" buttonMode="true" label="value:切换到超清影片" click="level,3" />
			<img left="200" valign="0"  src="图片/radioselect.png" displayMode="{playback.currentLevel},3" label="value:正在播放超清影片" />
			<text left="217" valign="0" width="50" height="15" value="超清" textColor="0xffffff" textAlign="left" />
		</win>
		
	</win>

	<!-- 分享面板 -->
	<win id="sharePanel" align="0" valign="0" width="350" height="170" vAlpha="0" mouseEnabled="true" backgroundColor="0x000000" backgroundAlpha="0.7" border="true" borderAlpha="0.6" >
		<text left="10" top="10" width="100" height="20" value="分享" textColor="0xffffff" textAlign="left" />
		<button right="10" top="10" src="图片/close.png" click="motion,sharePanel,0.7,vAlpha:0" />
		<img left="20" top="50" src="图片/qqkongjian.png" buttonMode="true" label="value:分享到QQ空间" click="geturl,http://sns.qzone.qq.com/cgi-bin/qzshare/cgi_qzshare_onekey?url={system.href}" />
		<img left="50" top="50" src="图片/renrenwang.png" buttonMode="true" label="value:分享到人人网" click="geturl,http://share.renren.com/share/buttonshare.do?link={system.href}&title={currentMedia.title}" />
		<img left="80" top="50" src="图片/xinlangweibo.png" buttonMode="true" label="value:分享新浪微博" click="geturl,http://v.t.sina.com.cn/share/share.php?url={system.href}&title={currentMedia.title}" />
		<img left="110" top="50" src="图片/kaixinwang.png" buttonMode="true" label="value:分享到开心网" click="geturl,http://sns.qzone.qq.com/cgi-bin/qzshare/cgi_qzshare_onekey?url={system.href}" />
		<img left="140" top="50" src="图片/tianyawang.png" buttonMode="true" label="value:分享到天涯社区" click="geturl,http://www.tianya.cn/new/share/compose.asp?itemtype=tech&item=&strTitle={currentMedia.title}&strFlashURL={SNplayer.InstallFolder}{SNplayer.Filename}?file={currentMedia.url}%26type={currentMedia.type}&strFlashPageURL={system.href}" />
		<img left="170" top="50" src="图片/tengxunweibo.png" buttonMode="true" label="value:分享到腾讯微博" click="geturl,http://share.v.t.qq.com/index.php?c=share&a=index&title={currentMedia.title}&url={system.href}&appkey=&site={SNplayer.host}&assname=youku2010" />
		<text left="10" top="92" width="220" height="20" value="{system.href}" border="true" borderColor="0xffffff" background="true" backgroundColor="0x000000" textColor="0xffffff" textAlign="left" />
		<button left="240" top="90" src="图片/htmlcopy.png" click="copy,{system.href}" />
	</win>

	<!-- 视频信息面板 -->
	<win id="videoinformationPanel" align="0" valign="0" width="350" height="170" vAlpha="0" mouseEnabled="true" backgroundColor="0x000000" backgroundAlpha="0.7" border="true" borderAlpha="0.6" >
		<text left="10" top="10" width="100" height="20" value="视频信息" textColor="0xffffff" textAlign="left" />
		<button right="10" top="10" src="图片/close.png" click="motion,videoinformationPanel,0.7,vAlpha:0" />
		
		<text left="10" top="40" width="300" height="20" value="标  题：{currentMedia.title}" font="宋体" textColor="0xffffff" textAlign="left" />

		<text left="10" top="60" width="150" height="20" value="大  小：{currentMedia.totalbytesMB} MB" font="宋体" textColor="0xffffff" textAlign="left" />
		<text left="150" top="60" width="150" height="20" value="时  长：{currentMedia.durationStr}" font="宋体" textColor="0xffffff" textAlign="left" />

		<text left="10" top="80" width="150" height="20" value="段  数：{playback.currSegment}/{currentMedia.totalsegment}" font="宋体" textColor="0xffffff" textAlign="left" />
		<text left="150" top="80" width="150" height="20" value="分辨率：{currentMedia.width} x {currentMedia.height}" font="宋体" textColor="0xffffff" textAlign="left" />

		<text left="10" top="100" width="150" height="20" value="帧  频：{currentMedia.fps}" font="宋体" textColor="0xffffff" textAlign="left" />
		<text left="150" top="100" width="150" height="20" value="比特率：{currentMedia.bitrate} bit/s" font="宋体" textColor="0xffffff" textAlign="left" />

		<text left="10" top="130" width="300" height="20" value="您的位置：{system.country}{system.province}省{system.city}市  {system.isp}" font="宋体" textColor="0xffffff" textAlign="left" />
	</win>

	<!-- 回放信息面板 -->
	<win id="playbackPanel" align="0" valign="0" width="350" height="130" vAlpha="0" mouseEnabled="true" backgroundColor="0x000000" backgroundAlpha="0.7" border="true" borderAlpha="0.6" >
		<text left="10" top="10" width="100" height="20" value="回放信息" textColor="0xffffff" textAlign="left" />
		<button right="10" top="10" src="图片/close.png" click="motion,playbackPanel,0.7,vAlpha:0" />
		
		<text left="10" top="40" width="150" height="20" value="已播放：{playback.PlayTimeProgress} %" font="宋体" textColor="0xffffff" textAlign="left" />
		<text left="150" top="40" width="150" height="20" value="剩  余：- {playback.positionRemainStr}" font="宋体" textColor="0xffffff" textAlign="left" />

		<text left="10" top="60" width="150" height="20" value="缓  冲：{playback.bufferPercent} %" font="宋体" textColor="0xffffff" textAlign="left" />
		<text left="150" top="60" width="150" height="20" value="带  宽：{system.bandwidth} bit/s" font="宋体" textColor="0xffffff" textAlign="left" />

		<text left="10" top="80" width="150" height="20" value="帧  频：{playback.currentFPS}" font="宋体" textColor="0xffffff" textAlign="left" />
		<text left="150" top="80" width="150" height="20" value="清晰度：{playback.currentLevel}" font="宋体" textColor="0xffffff" textAlign="left" />

		<text left="10" top="100" width="300" height="20" visible="false" value="占用内存：{system.totalMemory} byte" font="宋体" textColor="0xffffff" textAlign="left" />
	</win>

	<!--右键菜单-->
	<menu target="swf">
		<item caption="停止播放" separatorBefore="true" enabled="true" action="stop"/>
		<item caption="复制视频地址" separatorBefore="true" enabled="true" action="copy,{system.href}"/>
		<item caption="显示视频信息" separatorBefore="true" enabled="true" action="motion,videoinformationPanel,0.7,vAlpha:1"/>
		<item caption="显示回放信息" separatorBefore="false" enabled="true" action="motion,playbackPanel,0.7,vAlpha:1"/>
		<item caption="在线帮助和反馈" separatorBefore="true" enabled="true" action="geturl,http://{SNplayer.host}/help.php"/>
	</menu>

	<!--响应事件-->
	<event type="fullScreen">
		<action>set,screenWideButton,disable,true</action>
		<action>set,screenNormalButton,disable,true</action>
		<action>set,lightOffButton,disable,true</action>
		<action>set,lightOnButton,disable,true</action>
		<action>set,videofm,height,{swf.height}</action>
		<action>set,console,displayMode,float</action>
		<action>set,mainProgress,vAlpha,0</action>
	</event>
	<event type="normalScreen">
		<action>set,screenWideButton,disable,false</action>
		<action>set,screenNormalButton,disable,false</action>
		<action>set,lightOffButton,disable,false</action>
		<action>set,lightOnButton,disable,false</action>
		<action>set,videofm,height,{swf.height}-30</action>
		<action>set,console,displayMode,</action>
	</event>
	<event type="resizeScreen">
	</event>

	<!-- 函数 -->
	
    <function id="HidePlaylist">
	    <action>set,videofm,width,{swf.width}</action>
		<action>set,ShowPlaylistButton,visible,true</action>
		<action>set,HidePlaylistButton,visible,false</action>
	</function>
	<function id="ShowPlaylist">
	    <action>set,videofm,width,{swf.width}-200</action>
		<action>set,HidePlaylistButton,visible,true</action>
		<action>set,ShowPlaylistButton,visible,false</action>
	</function>
	<function id="dispBar">
		<action>motion,topbar,0.7,top:0</action>
		<action>motion,sidebar,0.7,right:0</action>
	</function>
	<function id="hiddenBar">
		<action>motion,topbar,0.7,top:-35</action>
		<action>motion,sidebar,0.7,right:-62</action>
	</function>
	<function id="screenWide">
		<action>jsFunction,screenWide</action>
		<action>set,screenWideButton,visible,false</action>
		<action>set,screenNormalButton,visible,true</action>
	</function>
	<function id="screenNormal">
		<action>jsFunction,screenNormal</action>
		<action>set,screenWideButton,visible,true</action>
		<action>set,screenNormalButton,visible,false</action>
	</function>
	<function id="lightOff">
		<action>jsFunction,lightOff</action>
		<action>set,lightOffButton,visible,false</action>
		<action>set,lightOnButton,visible,true</action>
	</function>
	<function id="lightOn">
		<action>jsFunction,lightOn</action>
		<action>set,lightOffButton,visible,true</action>
		<action>set,lightOnButton,visible,false</action>
	</function>
	<function id="toFullScreen">
		<action>set,videobody,scaleMode,0</action>
		<action>set,fullScreenImages,visible,true</action>
		<action>set,uniformlImages,visible,false</action>
	</function>
	<function id="touniformlScreen">
		<action>set,videobody,scaleMode,1</action>
		<action>set,uniformlImages,visible,true</action>
		<action>set,fullScreenImages,visible,false</action>
	</function>
	<function id="horizintalOverturn">
		<action>set,videobody,horizintalOverturn,true</action>
		<action>set,horizintalOverturnImages,visible,true</action>
		<action>set,unhorizintalOverturnImages,visible,false</action>
	</function>
	<function id="unhorizintalOverturn">
		<action>set,videobody,horizintalOverturn,false</action>
		<action>set,unhorizintalOverturnImages,visible,true</action>
		<action>set,horizintalOverturnImages,visible,false</action>
	</function>
	<function id="verticalOverturn">
		<action>set,videobody,verticalOverturn,true</action>
		<action>set,verticalOverturnImages,visible,true</action>
		<action>set,unverticalOverturnImages,visible,false</action>
	</function>
	<function id="unverticalOverturn">
		<action>set,videobody,verticalOverturn,false</action>
		<action>set,unverticalOverturnImages,visible,true</action>
		<action>set,verticalOverturnImages,visible,false</action>
	</function>
	<function id="to_50">
		<!--<action>set,videobody,percentWidth,50</action>-->
		<!--<action>set,videobody,percentHeight,50</action>-->
		<action>motion,videobody,0.7,percentWidth:50;percentHeight:50</action>
		<action>set,top_50_upImages,visible,false</action>
		<action>set,top_50_downImages,visible,true</action>
		<action>set,top_75_upImages,visible,true</action>
		<action>set,top_75_downImages,visible,false</action>
		<action>set,top_100_upImages,visible,true</action>
		<action>set,top_100_downImages,visible,false</action>
	</function>
	<function id="to_75">
		<!--<action>set,videobody,percentWidth,75</action>-->
		<!--<action>set,videobody,percentHeight,75</action>-->
		<action>motion,videobody,0.7,percentWidth:75;percentHeight:75</action>
		<action>set,top_50_upImages,visible,true</action>
		<action>set,top_50_downImages,visible,false</action>
		<action>set,top_75_upImages,visible,false</action>
		<action>set,top_75_downImages,visible,true</action>
		<action>set,top_100_upImages,visible,true</action>
		<action>set,top_100_downImages,visible,false</action>
	</function>
	<function id="to_100">
		<!--<action>set,videobody,percentWidth,100</action>-->
		<!--<action>set,videobody,percentHeight,100</action>-->
		<action>motion,videobody,0.7,percentWidth:100;percentHeight:100</action>
		<action>set,top_50_upImages,visible,true</action>
		<action>set,top_50_downImages,visible,false</action>
		<action>set,top_75_upImages,visible,true</action>
		<action>set,top_75_downImages,visible,false</action>
		<action>set,top_100_upImages,visible,false</action>
		<action>set,top_100_downImages,visible,true</action>
	</function>
</swf>