﻿<swf version="1.0" name="yaku" url="www.yaku.tv" author="SNplayer" email="sx_wyh@21cn.com">

	<!-- 视频显示区 -->
	<win id="videofm" left="0" top="0" width="{swf.width}" height="{swf.height}-39" >
		<video id="videobody" align="0" valign="0" width="100%" height="100%" />
		<img id="logo" right="5" top="5" src="其他/logo.png" />

		<lrc id="lrc" align="0" bottom="5" width="100%" height="19" mode="2" />
		<text left="15" bottom="10" value="{playback.Msg}" displayMode="{playback.State},initializtion|ready|loading|buffering|pause|stop|playEnd|noMedia" textColor="0x91c3ed" autoSize="left" letterSpacing="1" />
		<text left="100" bottom="10" value="{playback.bufferPercent}%" font="宋体" textColor="0x91c3ed" autoSize="left" displayMode="{playback.State},buffering" letterSpacing="1" />
	</win>

	<!-- 广告倒计时 -->
	<div right="10" top="6" width="110" height="18" backgroundColor="0xcccccc" backgroundAlpha="1" displayMode="{iasystem.type},prepos|pripos|propos">
		<text align="0" valign="0" value=" 广告还剩余 {iasystem.positionRemain} 秒 " textColor="0xffffff" autoSize="left" letterSpacing="1" />
	</div>

	<!-- 控制栏 -->
	<win id="console" align="0" bottom="0" width="{swf.width}" height="39" backgroundColor="0x000000" backgroundAlpha="1" alpha="0.8" mouseActive="motion,mainProgress,0.5,vAlpha:1" mouseIdle="motion,mainProgress,0.5,vAlpha:0">
		
		<timeslide left="0" top="0" width="{swf.width}" track="控制栏/minitrace.png" icon="控制栏/miniicon.png" down="控制栏/minidown.png" />
		
		<button left="0" bottom="0" width="61" height="36" src="控制栏/pause.png" click="pause" hidden="true" label="value:暂停" />
		<button left="0" bottom="0" width="61" height="36" src="控制栏/play.png" click="play" hidden="true" label="value:播放" />
		
		<text left="70" valign="3" autoSize="left" textColor="0xffffff" value="{playback.TimeStr}" />

		<button right="191" bottom="0" width="49" h="36" src="控制栏/save.png" click="method,videobody,saveImages" label="value:截图" />
		<button right="145" bottom="0" width="46" h="36" src="控制栏/set.png" click="motion,systemPanel,0.7,vAlpha:1" label="value:设置" />

		<img right="122" valign="2" width="15" height="12" src="控制栏/mute.png" click="unmute" displayMode="{playback.noVolume},true" mouseEnabled="true" buttonMode="true" label="value:取消静音" />
		<img right="122" valign="2" width="15" height="12" src="控制栏/unmute.png" click="mute" displayMode="{playback.noVolume},false" mouseEnabled="true" buttonMode="true" label="value:静音" />

		<volslide right="47" valign="1" width="70" track="控制栏/voltrack.png" icon="控制栏/volicon.png" />

		<button right="0" bottom="0" width="45" h="36" src="控制栏/normal.png" click="normalscreen" hidden="true" label="value:退出全屏" />
		<button right="0" bottom="0" width="45" h="36" src="控制栏/full.png" click="fullscreen" hidden="true" label="value:全屏" />
	</win>

	<!-- 悬浮进度条 -->
	<div id="mainProgress" left="0" bottom="35" width="{swf.width}" height="12" vAlpha="0" backgroundColor="0x000000" backgroundAlpha="0" mouseOver="method,console,stopMouseActiveTimer" mouseOut="method,console,startMouseActiveTimer">
		<button left="0" top="2" src="控制栏/fwd.png" click="fastrewind,controls,position,30000" />
		<timeslide left="15" top="0" width="{swf.width}-30" track="控制栏/trace.png" icon="控制栏/icon.png" down="控制栏/down.png" />
		<button right="0" top="2" src="控制栏/ff.png" click="fastforward,controls,position,30000" />
	</div>

	<!-- 顶栏 -->

	<!-- 侧边栏 -->

	<!-- 设置面板 -->
	<win id="systemPanel" align="0" valign="0" width="350" height="180" vAlpha="0" drag="false" mouseEnabled="true" backgroundColor="0x000000" backgroundAlpha="0.7" border="true" borderAlpha="0.6" >
		<text left="10" top="10" width="100" height="20" value="设置" textColor="0xffffff" textAlign="left" />
		<button right="10" top="10" src="图片/close.png" click="motion,systemPanel,0.7,vAlpha:0" />
		
		<win left="10" top="40" width="340" height="20" backgroundAlpha="0">
			<text left="0" valign="0" width="50" height="20" value="对比度:" textColor="0xffffff" textAlign="left" />
			<text left="40" valign="0" width="30" height="20" value="{videobody.contrast}" textColor="0xffffff" textAlign="center" />
			<button left="70" valign="0" src="图片/qua_jian.png" click="fastrewind,videobody,contrast,10" />
			<slider left="90" valign="0" width="210" value="{videobody.contrast}" begin="-100" finish="100" target="videobody.contrast" track="图片/qua_track.png" icon="图片/qua_icon.png" />
			<button right="20" valign="0" src="图片/qua_jia.png" click="fastforward,videobody,contrast,10" />
		</win>
		<win left="10" top="70" width="340" height="20" backgroundAlpha="0">
			<text left="0" valign="0" width="50" height="20" value="亮  度:" textColor="0xffffff" textAlign="left" />
			<text left="40" valign="0" width="30" height="20" value="{videobody.brightness}" textColor="0xffffff" textAlign="center" />
			<button left="70" valign="0" src="图片/qua_jian.png" click="fastrewind,videobody,brightness,10" />
			<slider left="90" valign="0" width="210" value="{videobody.brightness}" begin="-100" finish="100" target="videobody.brightness" track="图片/qua_track.png" icon="图片/qua_icon.png" />
			<button right="20" valign="0" src="图片/qua_jia.png" click="fastforward,videobody,brightness,10" />
		</win>
		<win left="10" top="100" width="340" height="20" backgroundAlpha="0">
			<text left="0" valign="0" width="50" height="20" value="饱和度:" textColor="0xffffff" textAlign="left" />
			<text left="40" valign="0" width="30" height="20" value="{videobody.saturation}" textColor="0xffffff" textAlign="center" />
			<button left="70" valign="0" src="图片/qua_jian.png" click="fastrewind,videobody,saturation,10" />
			<slider left="90" valign="0" width="210" value="{videobody.saturation}" begin="-100" finish="100" target="videobody.saturation" track="图片/qua_track.png" icon="图片/qua_icon.png" />
			<button right="20" valign="0" src="图片/qua_jia.png" click="fastforward,videobody,saturation,10" />
		</win>
		<win align="0" top="135" width="267" height="20" backgroundAlpha="0">
			<img left="0" valign="0"  src="图片/radio.png" buttonMode="true" label="value:切换到标准版" click="level,1" />
			<img left="0" valign="0"  src="图片/radioselect.png" displayMode="{playback.currentLevel},1" label="value:正在播放标准版" />
			<text left="17" valign="0" width="50" height="15" value="标准" textColor="0xffffff" textAlign="left" />

			<img left="100" valign="0"  src="图片/radio.png" buttonMode="true" label="value:切换到高清版" click="level,2" />
			<img left="100" valign="0"  src="图片/radioselect.png" displayMode="{playback.currentLevel},2" label="value:正在播放高清版" />
			<text left="117" valign="0" width="50" height="15" value="高清" textColor="0xffffff" textAlign="left" />

			<img left="200" valign="0"  src="图片/radio.png" buttonMode="true" label="value:切换到超清版" click="level,3" />
			<img left="200" valign="0"  src="图片/radioselect.png" displayMode="{playback.currentLevel},3" label="value:正在播放超清版" />
			<text left="217" valign="0" width="50" height="15" value="超清" textColor="0xffffff" textAlign="left" />
		</win>
		
	</win>

	<!-- 分享面板 -->

	<!-- 视频信息面板 -->
	<win id="videoinformationPanel" align="0" valign="0" width="350" height="170" vAlpha="0" mouseEnabled="true" backgroundColor="0x000000" backgroundAlpha="0.7" border="true" borderAlpha="0.6" >
		<text left="10" top="10" width="100" height="20" value="视频信息" textColor="0xffffff" textAlign="left" />
		<button right="10" top="10" src="图片/close.png" click="motion,videoinformationPanel,0.7,vAlpha:0" />
		
		<text left="10" top="60" width="150" height="20" value="大  小：{currentMedia.totalbytesMB} MB" font="宋体" textColor="0xffffff" textAlign="left" />
		<text left="150" top="60" width="150" height="20" value="时  长：{currentMedia.durationStr}" font="宋体" textColor="0xffffff" textAlign="left" />

		<text left="10" top="80" width="150" height="20" value="段  数：{playback.currSegment}/{currentMedia.totalsegment}" font="宋体" textColor="0xffffff" textAlign="left" />
		<text left="150" top="80" width="150" height="20" value="分辨率：{currentMedia.width} x {currentMedia.height}" font="宋体" textColor="0xffffff" textAlign="left" />

		<text left="10" top="100" width="150" height="20" value="帧  频：{currentMedia.fps}" font="宋体" textColor="0xffffff" textAlign="left" />
		<text left="150" top="100" width="150" height="20" value="比特率：{currentMedia.bitrate} bit/s" font="宋体" textColor="0xffffff" textAlign="left" />

		<text left="10" top="130" width="300" height="20" value="您的位置：{system.country}{system.province}省{system.city}市  {system.isp}" font="宋体" textColor="0xffffff" textAlign="left" />
	</win>

	<!-- 回放信息面板 -->
	<win id="playbackPanel" align="0" valign="0" width="350" height="130" vAlpha="0" mouseEnabled="true" backgroundColor="0x000000" backgroundAlpha="0.7" border="true" borderAlpha="0.6" >
		<text left="10" top="10" width="100" height="20" value="回放信息" textColor="0xffffff" textAlign="left" />
		<button right="10" top="10" src="图片/close.png" click="motion,playbackPanel,0.7,vAlpha:0" />
		
		<text left="10" top="40" width="150" height="20" value="已播放：{playback.PlayTimeProgress} %" font="宋体" textColor="0xffffff" textAlign="left" />
		<text left="150" top="40" width="150" height="20" value="剩  余：- {playback.positionRemainStr}" font="宋体" textColor="0xffffff" textAlign="left" />

		<text left="10" top="60" width="150" height="20" value="缓  冲：{playback.bufferPercent} %" font="宋体" textColor="0xffffff" textAlign="left" />
		<text left="150" top="60" width="150" height="20" value="带  宽：{system.bandwidth} bit/s" font="宋体" textColor="0xffffff" textAlign="left" />

		<text left="10" top="80" width="150" height="20" value="帧  频：{playback.currentFPS}" font="宋体" textColor="0xffffff" textAlign="left" />
		<text left="150" top="80" width="150" height="20" value="清晰度：{playback.currentLevel}" font="宋体" textColor="0xffffff" textAlign="left" />

		<text left="10" top="100" width="300" height="20" visible="false" value="占用内存：{system.totalMemory} byte" font="宋体" textColor="0xffffff" textAlign="left" />
	</win>

	<!--右键菜单-->
	<menu target="swf">
		<item caption="yaku.tv" separatorBefore="true" enabled="true" action="geturl,http://www.yaku.tv/"/>
		<item caption="停止播放" separatorBefore="true" enabled="true" action="stop"/>
		<item caption="视频信息" separatorBefore="true" enabled="true" action="motion,videoinformationPanel,0.7,vAlpha:1"/>
		<item caption="播放信息" separatorBefore="false" enabled="true" action="motion,playbackPanel,0.7,vAlpha:1"/>
		<item caption="帮助中心" separatorBefore="true" enabled="true" action="geturl,http://www.yaku.tv/profile/blog/1-1-1"/>
	</menu>

	<!--响应事件-->
	<event type="fullScreen">
		<action>set,screenWideButton,disable,true</action>
		<action>set,screenNormalButton,disable,true</action>
		<action>set,lightOffButton,disable,true</action>
		<action>set,lightOnButton,disable,true</action>
		<action>set,videofm,height,{swf.height}</action>
		<action>set,console,displayMode,float</action>
		<action>set,mainProgress,vAlpha,0</action>
	</event>
	<event type="normalScreen">
		<action>set,screenWideButton,disable,false</action>
		<action>set,screenNormalButton,disable,false</action>
		<action>set,lightOffButton,disable,false</action>
		<action>set,lightOnButton,disable,false</action>
		<action>set,videofm,height,{swf.height}-25</action>
		<action>set,console,displayMode,</action>
	</event>

	<!-- 函数 -->

</swf>